{"cameraMode":{"drawMode":0,"name":"Shaded","section":"Shading Mode"},"sceneLighting":true,"audioPlay":false,"sceneViewState":{"m_AlwaysRefresh":false,"showFog":true,"showSkybox":true,"showFlares":true,"showImageEffects":true,"showParticleSystems":true,"showVisualEffectGraphs":true,"m_FxEnabled":true},"in2DMode":false,"pivot":{"x":1.8685996532440186,"y":2.5437722206115724,"z":1.6561263799667359},"rotation":{"x":-0.636169970035553,"y":0.057253025472164157,"z":-0.04742467775940895,"w":-0.7679650187492371},"size":2.666025161743164,"orthographic":false}